0E0I0, YDYTNGWGRFQPPIQPGKKPTGGKSGKRWE, 0.22
0E1I1, YDYTNGWGRFQPPIQKGKKPTGGKSGKRWE, 0.24
0E2I6, YDYTNGWGRFAPPIQKGKKPTGGKSGKRWE, 0.3
0E3I9, YDYTNGWGRFAPPIQKGKKPTGGKEGKRWE, 0.34
0E4I11, YDYTNGWGRFAPPIQKGWKPTGGKEGKRWE, 0.36
0E5I12, YDYTNGWGRFAPPIQEGWKPTGGKEGKRWE, 0.39
0E6I18, YDYTNGWGRFAPPIQEHWKPTGGKEGKRWE, 0.45
0E7I21, YDYNNGWGRFAPPIQEHWKPTGGKEGKRWE, 0.47
0E8I22, YDYNNGWGRFAPPIQAHWKPTGGKEGKRWE, 0.48
0E9I30, YDYNNGWGRFAPEIQAHWKPTGGKEGKRWE, 0.5
0E10I31, YDYHNGWGRFAPEIQAHWKPTGGKEGKRWE, 0.52
0E11I36, YDYHNGWGHFAPEIQAHWKPTGGKEGKRWE, 0.58
0E12I44, YDYHNGWGHFAPEIQAHWKPTGGKEGKRWI, 0.59
0E13I46, YDYHNGWGHFAPEIQAHWKPTGRKEGKRWI, 0.6
0E14I64, YDYHNGWGHFAPEIQAHWKPTGRYEGKRWI, 0.61
0E15I73, YDYHNGWGHFAPEIQAHWKPTGRYEIKRWI, 0.65
0E16I75, YIYHNGWGHFAPEIQAHWKPTGRYEIKRWI, 0.67
0E17I76, YIYHNGWGHFAPEIQRHWKPTGRYEIKRWI, 0.68
0E18I77, YIYHNGWGHFAPEIQRHWDPTGRYEIKRWI, 0.69
0E19I85, YIYHNGWGHFAPEIQRHWWPTGRYEIKRWI, 0.7
0E20I92, YIYHNGWGHFAPEIQRHWWPTGRPEIKRWI, 0.73
0E21I94, YIYHNGWGHFAPEIQRHWWPTGRPEIRRWI, 0.78
0E22I96, YIYPNGWGHFAPEIQRHWWPTGRPEIRRWI, 0.79
0E23I102, YIYPNGWGHFHPEIQRHWWPTGRPEIRRWI, 0.8
0E24I115, YIYPNGWGHFHPEIQRHWWPTGRPEHRRWI, 0.81
0E25I117, YAYPNGWGHFHPEIQRHWWPTGRPEHRRWI, 0.82
0E26I125, FAYPNGWGHFHPEIQRHWWPTGRPEHRRWI, 0.83
0E27I126, FAYPNGWGHFHPEIQRHWPPTGRPEHRRWI, 0.84
0E28I134, FAYPNGWGHFHPEIQRHWPPTGRPEHRLWI, 0.86
0E29I187, FAYPNGWGHFHPEIQRHWPPTGRPIHRLWI, 0.87
0E30I192, FAYPGGWGHFHPEIQRHWPPTGRPIHRLWI, 0.88
0E31I243, FAYPGGWIHFHPEIQRHWPPTGRPIHRLWI, 0.89
0E32I285, FAYPGTWIHFHPEIQRHWPPTGRPIHRLWI, 0.92
